1;P1,2;P-1,7;Pc,9;Cc,5;B112
3;P121,4;P1211,5;C121,6;P1m1,7;P1c1
8;C1m1,9;C1c1,10;P12/m1,11;P121/m1,12;C12/m1
13;P12/c1,14;P121/c1,15;C12/c1,14;P21/c,5;B2
16;P222,17;P2221,18;P21212,19;P212121,20;C2221
21;C222,22;F222,23;I222,24;I212121,25;Pmm2
26;Pmc21,27;Pcc2,28;Pma2,29;Pca21,30;Pnc2
31;Pmn21,32;Pba2,33;Pna21,34;Pnn2,35;Cmm2
36;Cmc21,37;Ccc2,38;Amm2,39;Abm2,40;Ama2
41;Aba2,42;Fmm2,43;Fdd2,44;Imm2,45;Iba2
46;Ima2,47;Pmmm,48;Pnnn,49;Pccm,50;Pban
51;Pmma,52;Pnna,53;Pmna,54;Pcca,55;Pbam
56;Pccn,57;Pbcm,58;Pnnm,59;Pmmn,60;Pbcn
61;Pbca,62;Pnma,63;Cmcm,64;Cmca,65;Cmmm
66;Cccm,67;Cmma,68;Ccca,69;Fmmm,70;Fddd
71;Immm,72;Ibam,73;Ibca,74;Imma,9;A1a1
75;P4,76;P41,77;P42,78;P43,79;I4
80;I41,81;P-4,82;I-4,83;P4/m,84;P42/m
85;P4/n,86;P42/n,87;I4/m,88;I41/a,89;P422
90;P4212,91;P4122,92;P41212,93;P4222,94;P42212
95;P4322,96;P43212,97;I422,98;I4122,99;P4mm
100;P4bm,101;P42cm,102;P42nm,103;P4cc,104;P4nc
105;P42mc,106;P42bc,107;I4mm,108;I4cm,109;I41md
110;I41cd,111;P-42m,112;P-42c,113;P-421m,114;P-421c
115;P-4m2,116;P-4c2,117;P-4b2,118;P-4n2,119;I-4m2
120;I-4c2,121;I-42m,122;I-42d,123;P4/mmm,124;P4/mcc
125;P4/nbm,126;P4/nnc,127;P4/mbm,128;P4/mnc,129;P4/nmm
130;P4/ncc,131;P42/mmc,132;P42/mcm,133;P42/nbc,134;P42/nnm
135;P42/mbc,136;P42/mnm,137;P42/nmc,138;P42/ncm,139;I4/mmm
140;I4/mcm,141;I41/amd,142;I41/acd,4;P1121,5;I121
143;P3,144;P31,145;P32,146;R3,147;P-3
148;R-3,149;P312,150;P321,151;P3112,152;P3121
153;P3212,154;P3221,155;R32,156;P3m1,157;P31m
158;P3c1,159;P31c,160;R3m,161;R3c,162;P-31m
163;P-31c,164;P-3m1,165;P-3c1,166;R-3m,167;R-3c
168;P6,169;P61,170;P65,171;P62,172;P64
173;P63,174;P-6,175;P6/m,176;P63/m,177;P622
178;P6122,179;P6522,180;P6222,181;P6422,182;P6322
183;P6mm,184;P6cc,185;P63cm,186;P63mc,187;P-6m2
188;P-6c2,189;P-62m,190;P-62c,191;P6/mmm,192;P6/mcc
193;P63/mcm,194;P63/mmc,7;P1a1,7;P1n1,7;P1c1
195;P23,196;F23,197;I23,198;P213,199;I213
200;Pm-3,201;Pn-3,202;Fm-3,203;Fd-3,204;Im-3
205;Pa-3,206;Ia-3,207;P432,208;P4232,209;F432
210;F4132,211;I432,212;P4332,213;P4132,214;I4132
215;P-43m,216;F-43m,217;I-43m,218;P-43n,219;F-43c
220;I-43d,221;Pm-3m,222;Pn-3n,223;Pm-3n,224;Pn-3m
225;Fm-3m,226;Fm-3c,227;Fd-3m,228;Fd-3c,229;Im-3m
230;Ia-3d,62;Pbnm,160;R3mH,146;R3H,155;R32H
33;P21nb,33;Pc21n,33;Pbn21,33;Pn21a,161;R3cH
146;R3H,14;P1121/a,29;P21ca,29;Pbc21,6;P11m
1;P1,1;C1,3;P112,3;P2,31;P21nm
31;Pmn21,161;R3cR,5;A121,30;Pb2n,30;Pnc2
36;A21am,8;Cm,5;C2,160;R3mR,4;P21
127;P4/mbm,2;P-1,167;R3cH,82;P-4,15;C12/c1
15;A12/a1,36;Cmc21,157;P31m,8;B11m,19;P212121
7;P1c1,14;P121/c1,2;C-1,61;Pbca,4;C1121
43;F2dd,9;Fd11,227;Fd-3m,62;Pnam,14;P121/a1
61;Pcab,14;P12/n1,14;P121/n1,227;Fd-3mZ,14;P1121/b
167;R-3H,167;R-3cH,60;Pcnb,70;FdddS,15;I12/a1
148;R-3cR,88;I41/aZ,166;R-3mR,58;Pmnn,59;PmmnZ
59;Pmmn,130;P4/nccZ,130;P4/ncc,166;R-3mH,33;P21cn
62;Pmcn,8;I1m1,142;I41/acdZ,142;I41/acd,62;Pmnb
148;R-3R,15;I12/c1,138;P42/ncmZ,130;P4/ncc,130;P4/nccS
129;P4/nmmZ,70;FdddZ,134;P42/nnmZ,7;Pn11,34;P2nn
13;P12/a1,14;P21/b11,14;P21/n11,53;Pman,63;Bmmb
12;I12/m1,38;Cm2m,20;A2122,72;Imcb,14;P1121/n
62;Pcmn,11;P1121/m,55;Pmcb,2;F-1,74;Ibmm
12;A112/m,14;B121/a1,9;I1a1,63;Bbmm,15;B112/b
36;Ccm21,57;Pcmb,38;C2mm,63;Amma,12;A12/m1
9;B11b,57;Pncm,64;Bmab,62;Pbmn,31;Pm21n
60;Pnca,63;Imcm,40;C2cm,13;P112/b,15;A112/a
46;Ibm2,141;I41/amd,13;P112/a,40;B2mb,8;A11m
85;P4/n,122;F-4d2,31;Pn21m,2;A-1,56;Pnaa
67;Abmm,7;P11n,28;Pbm2 ,62;Pbmm,9;F1d1
5;I112,38;B2mm,5;F112,58;Pnmn,62;Pbnn
64;Abma,63;Ccmm,12;B112/m,51;Pmam,18;P21221
60;Pcan,29;Pc21b,28;P2cm,60;Pnab,2;I-1
74;Imam,29;Pb21a,62;Pnan,4;P2111,31;P21mn
31;Pnm21,57;Pcam,34;Pn2n,29;P21ab,7;P11b
43;Fd2d,60;Pbna,8;A1m1,36;A21ma,14;P21/c11
64;Cmce,63;Amam,11;B121/m1,1;F1,57;Pmca
6;Pm11,7;Ad11,133;P42/nbc,26;P21ma,7;P11a
